,author,year
0,"Abbott, Jacob, 1803-1879",1803
1,"Benson, Arthur Christopher, 1862-1925",1862
2,"Swinburne, Algernon Charles, 1837-1909",1837
3,"Trench, Richard Chenevix, 1807-1886",1807
4,"Buchanan, Robert Williams, 1841-1901",1841
5,"Jones, Henry Arthur, 1851-1929",1851
6,"Singleton, Esther, d. 1930",1930
7,"Schaff, Philip, 1819-1893",1819
8,"Goethe, Johann Wolfgang von, 1749-1832",1749
9,"Barton, William Eleazar, 1861-1930",1861
10,"Lyell, Charles, Sir, 1797-1875",1797
11,"Brown, Alice, 1857-1948",1857
12,"Schiller, Friedrich, 1759-1805",1759
13,"Hodge, Charles, 1797-1878",1797
14,"Adams, W. H. Davenport (William Henry Davenport), 1828-1891",1828
15,"Lea, Henry Charles, 1825-1909",1825
16,"Bascom, John, 1827-1911",1827
17,"Betham-Edwards, Matilda, 1836-1919",1836
18,"Inge, William Ralph, 1860-1954",1860
19,"Davies, Charles, 1798-1876",1798
20,"Spalding, John Lancaster, 1840-1916",1840
21,"Burgess, Gelett, 1866-1951",1866
22,"Cheever, George Barrell, 1807-1890",1807
23,"Thayer, William Makepeace, 1820-1898",1820
24,"Hinsdale, B. A. (Burke Aaron), 1837-1900",1837
25,"Gwynn, Stephen Lucius, 1864-1950",1864
26,"Webster, Noah, 1758-1843",1758
27,"Townsend, George Alfred, 1841-1914",1841
28,"Smith, Sydney, 1771-1845",1771
29,"Alexander, Archibald, 1772-1851",1772
30,"Quayle, William A. (William Alfred), 1860-1925",1860
31,"Eaton, Arthur Wentworth Hamilton, 1849-1937",1849
32,"McCulloch, J. R. (John Ramsay), 1789-1864",1789
33,"Thompson, Joseph Parrish, 1819-1879",1819
34,"Greene, Aella, 1838-",1838
35,"Fields, James Thomas, 1817-1881",1817
36,"Wheatley, Henry Benjamin, 1838-1917",1838
37,"Hitchcock, Edward, 1793-1864",1793
38,"Muir, John, 1838-1914",1838
39,"Library of Congress. Division of Bibliography; Meyer, Herman H. B. (Herman Henry Bernard), 1864-1937",1864
40,"Fitch, Clyde, 1865-1909",1865
41,"Tourgée, Albion Winegar, 1838-1905",1838
42,"Bowen, Francis, 1811-1890",1811
43,"Stoughton, John, 1807-1897",1807
44,"Young, Charles A. (Charles Augustus), 1834-1908",1834
45,"Read, Thomas Buchanan, 1822-1872",1822
46,"Laughlin, J. Laurence (James Laurence), 1850-1933",1850
47,"Johnson, J. B. (John Butler), 1850-1902",1850
48,"Patmore, Coventry Kersey Dighton, 1823-1896",1823
49,"Hind, Arthur Mayger, 1880-1957",1880
50,"Burney, Fanny, 1752-1840",1752
51,"Howe, E. W. (Edgar Watson), 1853-1937",1853
52,"Grierson, Francis, 1848-1927",1848
53,"Pidgin, Charles Felton, 1844-1923",1844
54,"Temple, Richard, Sir, 1826-1902",1826
55,"Sedgwick, Anne Douglas, 1873-1935",1873
56,"McLaughlin, Andrew Cunningham, 1861-1947",1861
57,"Cook, Edward Tyas, Sir, 1857-1919",1857
58,"Curry, S. S. (Samuel Silas), 1847-1921",1847
59,"Butler, Benjamin F. (Benjamin Franklin), 1818-1893",1818
60,"Potter, Henry Codman, 1834-1908",1834
61,"Baldwin, Simeon Eben, 1840-1927",1840
62,"Brandes, Georg Morris Cohen, 1842-1927",1842
63,"Conway, William Martin, Sir, 1856-1937",1856
64,"Tollemache, Lionel A. (Lionel Arthur), 1838-1919",1838
65,"Horne, Herman Harrell, 1874-1946",1874
66,"Beveridge, Albert Jeremiah, 1862-1927",1862
67,"Mathews, F. Schuyler (Ferdinand Schuyler), 1854-1938",1854
68,"Donaldson, John William, 1811-1861",1811
69,"Henderson, Ernest F. (Ernest Flagg), 1861-1928",1861
70,"Daviess, Maria Thompson, 1872-1924",1872
71,"Humboldt, Alexander von, 1769-1859",1769
72,"Fabre, Jean-Henri, 1823-1915; Teixeira de Mattos, Alexander, 1865-1921",1865
73,"Ward, Lester Frank, 1841-1913",1841
74,"Alexander, Joseph Addison, 1809-1860",1809
75,"Lodge, Richard, Sir, 1855-1936",1855
76,"Allibone, S. Austin (Samuel Austin), 1816-1889",1816
77,"Windle, Bertram Coghill Alan, Sir, 1858-1929",1858
78,"Ellis, Robinson, 1834-1913",1834
79,"Adams, Franklin P. (Franklin Pierce), 1881-1960",1881
80,"Heilprin, Angelo, 1853-1907",1853
81,"Green, Samuel B. (Samuel Bowdlear), 1859-1910",1859
82,"Chaucer, Geoffrey, d. 1400; Skeat, Walter W. (Walter William), 1835-1912",1835
83,"Gaebelein, Arno Clemens, 1861-1945",1861
84,"Henslow, George, 1835-1925",1835
85,"Black, Henry Campbell, 1860-1927",1860
86,"Gibbins, Henry de Beltgens, 1865-1907",1865
87,"Thompson, A. C. (Augustus Charles), 1812-1901",1812
88,"Hittell, John S. (John Shertzer), 1825-1901",1825
89,"Adeney, Walter F. (Walter Frederic), 1849-1920",1849
90,"Mason, Arthur James, 1851-1928",1851
91,"Collyer, Robert, 1823-1912",1823
92,"Campbell, Helen, 1839-1918",1839
93,"Macfarlane, Alexander, 1851-1913",1851
94,"Elson, Henry W. (Henry William), 1857-1935",1857
95,"Plumer, William S. (William Swan), 1802-1880",1802
96,"Storey, Moorfield, 1845-1929",1845
97,"Dodd, Anna Bowman, 1855-1929",1855
98,"Fraser, Hugh, Mrs., d. 1922",1922
99,"Brown, Edward, 1851-1939",1851
100,"Aldrich, Mildred, 1853-1928",1853
101,"Hartland, Edwin Sidney, 1848-1927",1848
102,"Dunning, William Archibald, 1857-1922",1857
103,"Smith, Justin Harvey, 1857-1930",1857
104,"Snowden, James Henry, 1852-1936",1852
105,"Ingleby, Clement Mansfield, 1823-1886",1823
106,"Willis, Henry Parker, 1874-1937",1874
107,"Coppens, Charles, 1835-1920",1835
108,"Paley, F. A. (Frederick Apthorp), 1815-1888",1815
109,"Cushing, Caleb, 1800-1879",1800
110,"Wade, Mary Hazelton Blanchard, 1860-1936",1860
111,"Boulger, Demetrius Charles de Kavanagh, 1853-1928",1853
112,"Rhead, Louis, 1857-1926",1857
113,"McGaffey, Ernest, b. 1861",1861
114,"Browne, George Waldo, 1851-1930",1851
115,"Spearman, Frank H. (Frank Hamilton), 1859-1937",1859
116,"Hamilton, Peter J. (Peter Joseph), 1859-1927",1859
117,"Harper, George McLean, 1863-1947",1863
118,"Dorr, Julia C. R. (Julia Caroline Ripley), 1825-1913",1825
119,"Joyce, James, 1882-1941",1882
120,"Smythe, William E. (William Ellsworth), 1861-1922",1861
121,"Stackpole, Everett Schermerhorn, 1850-1927",1850
122,"Brown, William Adams, 1865-1943",1865
123,"Horne, R. H. (Richard H.), 1802-1884",1802
124,"Pennell, Elizabeth Robins, 1855-1936",1855
125,"Zimmern, Helen, 1846-1934",1846
126,"Flagg, Wilson, 1805-1884",1805
127,"Church, Albert E. (Albert Ensign), 1807-1878",1807
128,"Pohle, Joseph, 1852-1922; Preuss, Arthur, 1871-1934",1871
129,"Rankin, Jeremiah Eames, 1828-1904",1828
130,"Militz, Annie Rix, d. 1924",1924
131,"Zimmern, Alfred Eckhard, Sir, 1879-1957",1879
132,"Willmott, Robert Aris, 1809-1863",1809
133,"Baden-Powell of Gilwell, Robert Stephenson Smyth Baden-Powell, Baron, 1857-1941",1857
134,"Davis, Rebecca Harding, 1831-1910",1831
135,"Clark, Daniel, 1835-1912",1835
136,"Clemens, Samuel Langhorne, 1835-1910",1835
137,"Gisborne, Thomas, 1758-1846",1758
138,"Appleton, William S. (William Sumner), 1840-1903",1840
139,"Moore, Edward Caldwell, 1857-1943",1857
140,"Butler, C. M. (Clement Moore), 1810-1890",1810
141,"Gerard, John, 1840-1912",1840
142,"Babbage, Charles, 1791-1871",1791
143,"Hill, Janet McKenzie, 1852-1933",1852
144,"Gayarré, Charles, 1805-1895",1805
145,"Price, Richard, 1723-1791",1723
146,"Bowen, Marjorie, 1888-1952",1888
147,"Miller, Alice Duer, 1874-1942",1874
148,"Garrison, William Lloyd, 1805-1879",1805
149,"Pollen, John Hungerford, 1858-1925",1858
150,"Oman, John Campbell, 1841-1911",1841
151,"Austen, Jane, 1775-1817; Johnson, R. Brimley (Reginald Brimley), 1867-1932",1867
152,"Sargent, Lucius M. (Lucius Manlius), 1786-1867",1786
153,"Johnson, Charles Frederick, 1836-1931",1836
154,"Gillett, E. H. (Ezra Hall), 1823-1875",1823
155,"Thoburn, J. M. (James Mills), 1836-1922",1836
156,"Ryle, Herbert Edward, 1856-1925",1856
157,"Bristed, John, 1778-1855",1778
158,"Stilwell, Arthur Edward, 1861-1928",1861
159,"Wilder, Burt G. (Burt Green), 1841-1925",1841
160,"Streatfeild, R. A. (Richard Alexander), 1866-1919",1866
161,"Clark, William Adolphus, 1825-1906",1825
162,"French, Harry W. (Harry Willard), 1854-",1854
163,"Lubbock, Basil, 1876-1944",1876
164,"Haney, Lewis H. (Lewis Henry), 1882-1969",1882
165,"Van Vorst, Marie, 1867-1936",1867
166,"Carroll, Anna Ella, 1815-1894",1815
167,"Dodd, George, 1808-1881",1808
168,"Adams, Ephraim Douglass, 1865-1930",1865
169,"Robinson, Solon, 1803-1880",1803
170,"Hyamson, Albert Montefiore, 1875-1954",1875
171,"Whittlesey, Charles, 1808-1886",1808
172,"Bithell, Jethro, 1878-1962",1878
173,"Faulkner, John Alfred, 1857-1931",1857
174,"Rowland, Henry C. (Henry Cottrell), 1874-1933",1874
175,"Gmelin, Leopold, 1788-1853",1788
176,"Judd, Charles Hubbard, 1873-1946",1873
177,"Huidekoper, Frederic Louis, 1874-1940",1874
178,"Shuckburgh, Evelyn S. (Evelyn Shirley), 1843-1906",1843
179,"Watson, Alfred Edward Thomas, 1849-1922",1849
180,"Hoffman, Murray, 1791-1878",1791
181,"Orme, William, 1787-1830",1787
182,"Farjeon, Eleanor, 1881-1965",1881
183,"Cavendish, 1831-1899",1831
184,"Townsend, W. J. (William John), 1835-1915",1835
185,"Howell, George, 1833-1910",1833
186,"Grant, George B. (George Barnard), 1849-1917",1849
187,"Harding, A. R. (Arthur Robert), 1871-",1871
188,"Christian, Eugene, 1860-1930",1860
189,"Robbins, Chandler, 1810-1882",1810
190,"Tomlinson, H. M. (Henry Major), 1873-1958",1873
191,"Jackson, James, 1777-1867",1777
192,"Campbell, John, 1766-1840",1766
193,"Leavitt, John McDowell, 1824-",1824
194,"Jenkins, Edward, 1838-1910",1838
195,"Chappell, W. (William), 1809-1888",1809
196,"Creel, George, 1876-1953",1876
197,"Conway, Hugh, 1847-1885",1847
198,"Marshall, H. E. (Henrietta Elizabeth), b. 1876",1876
199,"Mavor, William Fordyce, 1758-1837",1758
200,"Oates, Eugene William, 1845-1911",1845
201,"Bardsley, Charles Wareing Endell, 1843-1898",1843
202,"Montgomery, Edward Gerrard, 1878-",1878
203,"Alcott, William Andrus, 1798-1859",1798
204,"Hall, Henry, 1845-1920",1845
205,"Planché, James Robinson, 1796-1880",1796
206,"Anderson, John, 1833-1900",1833
207,"Funk, Isaac K. (Isaac Kaufman), 1839-1912",1839
208,"Preble, George Henry, 1816-1885",1816
209,"Barnes, Lemuel Call, 1854-1938",1854
210,"Coleman, Frederic Abernethy, 1876-",1876
211,"Williston, Seth, 1770-1851",1770
212,"Breul, Karl, 1860-1932",1860
213,"Bettens, Edward Detraz, 1848-1920",1848
214,"Muther, Richard, 1860-1909",1860
215,"Boulger, Demetrius C. (Demetrius Charles de Kavanagh), 1853-1928",1853
216,"Langstroth, L.L. (Lorenzo Lorraine), 1810-1895",1810
217,"Lahee, Henry Charles, 1856-1953",1856
218,"Scott, William Amasa, 1862-1944",1862
219,"Shadwell, Arthur, 1854-1936",1854
220,"Parkman, Mary Rosetta, 1875-1941",1875
221,"MacVannel, John Angus, 1871-1915",1871
222,"Stewart, John Alexander, 1846-1933",1846
223,"Brodie, Benjamin, Sir, 1783-1862",1783
224,"Moss, James A. (James Alfred), 1872-1941",1872
225,"Ingalls, Walter Renton, b. 1865",1865
226,"Lander, Meta, 1813-1901",1813
227,"Townsend, Calvin, d. 1881",1881
228,"Love, Augustus Edward Hough, 1863-",1863
229,"Cutten, George Barton, 1874-1962",1874
230,"Heard, Franklin Fiske, 1825-1889",1825
231,"Shakespeare, William, 1564-1616; Peabody, Oliver William Bourn, 1799-1848; Singer, Samuel Weller, 1783-1858; Symmons, Charles, 1749-1826; Collier, John Payne, 1789-1883",1789
232,"Davis, William T. (William Thomas), 1822-1907",1822
233,"Oppenheim, Edward Phillips, 1866-1946",1866
234,"Blackwell, Antoinette Louisa Brown, 1825-1921",1825
235,"Von Hutten, Baroness, 1874-1957",1874
236,"Ewing, James, 1866-1943",1866
237,"Preston, Jack, b. 1888",1888
238,"Warburton, William, Bp. of Gloucester, 1698-1779",1698
239,"Elliott, F. R. (Franklin Reuben), 1817-1878",1817
240,"Sullivan, Edward Robert, Sir, 1826-1899",1826
241,"Alden, Henry Mills, 1836-1919",1836
242,"Geil, William Edgar, 1865-1925",1865
243,"O'Sullivan, Seumas, 1879-1958",1879
244,"Everett-Green, Evelyn, 1856-1932",1856
245,"Kidd, B. J. (Beresford James), 1863-1948",1863
246,"Austin, George Lowell, 1849-1893",1849
247,"Courtenay, Thomas Peregrine, 1782-1841",1782
248,"Jones, Franklin Day, 1879-1967",1879
249,"Smith, Josiah William, 1816-1887",1816
250,"Waldron, William H. (William Henry), 1877-1947",1877
251,"Newcomer, Alphonso Gerald, 1864-1913",1864
252,"Robbins, Edward Rutledge, 1870-1941",1870
253,"Camp, Samuel Granger, 1877-",1877
254,"Auckland, William Eden, Baron, 1744-1814",1744
255,"Hurd, Archibald, Sir, b. 1869",1869
256,"Browne, William Hand, 1828-1912",1828
257,"Waples, Rufus, 1825-1902",1825
258,"Lambert, L. A. (Louis Aloisius), 1835-1910",1835
259,"Desmond, Humphrey J. (Humphrey Joseph), 1858-1932",1858
260,"Carpenter, Edmund J. (Edmund Janes), 1845-1924",1845
261,"Cromwell, Thomas, 1792-1870",1792
262,"Drannan, William F., 1832-1913",1832
263,"Ewart, Wilfrid, 1892-1922",1892
264,"Ascham, John Bayne, 1873-",1873
265,"United States. Congress (47th, 1st session : 1881-1882)",1881
266,"Dawson, Warrington, 1878-1962",1878
267,"United States. Supreme Court; Cranch, William, 1769-1855; Wheaton, Henry, 1785-1848; Peters, Richard, 1780-1848; Howard, Benjamin C. (Benjamin Chew), 1791-1872; Black, Jeremiah S. (Jeremiah Sullivan), 1810-1883",1810
268,"Townsend, John Wilson, 1885-1968",1885
269,"MacDonagh, Michael, 1862-",1862
270,"Powell, Baden, 1796-1860",1796
271,"Thilly, Frank, 1865-1934",1865
272,"Clemenceau, Georges, 1841-1929",1841
273,"Hudson, Alfred Sereno, 1839-1907",1839
274,"Lehmann, R. C. (Rudolf Chambers), 1856-1929",1856
275,"Rall, Harris Franklin, 1870-1964",1870
276,"Cutting, Mary Stewart Doubleday, 1851-1924",1851
277,"Weaver, Emily P. (Emily Poynton), 1865-1943",1865
278,"Young, Geoffrey Winthrop, 1876-1958",1876
279,"Van Schaack, Henry Cruger, 1802-1887",1802
280,"Hancock, Thomas, 1783-1849",1783
281,"Arnold, R. Arthur, Sir, 1833-1902",1833
282,"Arnold, James N. (James Newell), 1844-1927",1844
283,"Mühlbach, L. (Luise), 1814-1873; Coleman, Chapman, Mrs., 1813-1891",1813
284,"Chiniquy, Charles Paschal Telesphore, 1809-1899",1809
285,"Cobb, Sanford H. (Sanford Hoadley), 1838-1910",1838
286,"Fitzpatrick, Percy, Sir, 1862-1931",1862
287,"Burr, George Lincoln, 1857-1938",1857
288,"Smith, Isaac Gregory, 1826-1920",1826
289,"Pritchett, Henry S. (Henry Smith), 1857-1939",1857
290,"Ruffini, Giovanni, 1807-1881",1807
291,"Millar, John Hepburn, 1864-1929",1864
292,"Adams, Charles, 1808-1890",1808
293,"Holland, E. G. (Elihu Goodwin), 1817-1878",1817
294,"Hertslet, Edward, Sir, 1824-1902",1824
295,"Pope, J. William (John William), 1826-1916",1826
296,"Fry, Edward, Sir, 1827-1918",1827
297,"Stevenson, Robert Alan Mowbray, 1847-1900",1847
298,"Whitaker, John, 1735-1808",1735
299,"Richardson, Albert D. (Albert Deane), 1833-1869",1833
300,"Lyttelton, W. H. (William Henry), 1820-1884",1820
301,"Parkins, A. E. (Almon Ernest), 1879-1940",1879
302,"Wallis, Louis, 1876-",1876
303,"Cheetham, James, 1772-1810",1772
304,"Balestier, Charles Wolcott, 1861-1891",1861
305,"Peck, John Mason, 1789-1858",1789
306,"Eno, Henry Lane, 1871-1928",1871
307,"Rollins, Alice Wellington, 1847-1897",1847
308,"Cohen, Helen Louise, 1882-1957",1882
309,"Palladino, L. B. (Lawrence Benedict), 1837-1927",1837
310,"Merriam, John C. (John Campbell), 1869-1945",1869
311,"Jillson, Willard Rouse, 1890-",1890
312,"Verplanck, Gulian C. (Gulian Crommelin), 1786-1870",1786
313,"Lethbridge, Roper, Sir, 1840-1919",1840
314,"Janet, Paul, 1823-1899",1823
315,"Colburn, Zerah, 1832-1870",1832
316,"Gorton, John, d. 1835",1835
317,"Bradford, Alexander W. (Alexander Warfield), 1815-1867",1815
318,"Beal, W. J. (William James), 1833-1924",1833
319,"Jessop, C. M. (Charles Minshall), 1861-1939",1861
320,"Morris, George Sylvester, 1840-1889",1840
321,"Gerard, Dorothea, 1855-1915",1855
322,"Graham, P. Anderson (Peter Anderson), d. 1925",1925
323,"White, Henry, 1790-1858",1790
324,"Sell, Henry T. (Henry Thorne), 1854-1928",1854
325,"Wattles, Willard Austin, 1888-1950",1888
326,"Richmond, Cora L. V. (Cora Linn Victoria), 1840-1923",1840
327,"Dow, Arthur W. (Arthur Wesley), 1857-1922",1857
328,"Gilmore, J. H. (Joseph Henry), 1834-1918",1834
329,"Vinton, Alexander H. (Alexander Hamilton), 1807-1881",1807
330,"Ward, Duren J. H. (Duren James Henderson), 1851-1942",1851
331,"Kirkpatrick, F. A. (Frederick Alexander), 1861-1953",1861
332,"Lafayette, Marie Joseph Paul Yves Roch Gilbert Du Motier, marquis de, 1757-1834",1757
333,"Keidel, George C. (George Charles), 1868-1942",1868
334,"Sinclair, William Macdonald, 1850-1917",1850
335,"Simpkinson, C. H. (Charles Hare), 1855-1912",1855
336,"Kinns, Samuel, 1826-1903",1826
337,"Frye, William Edward, 1784-1853; Reinach, Salomon, 1858-1932",1858
338,"Perkins, Samuel, 1767-1850",1767
339,"Franklin, Fabian, 1853-1939",1853
340,"Brown, George, 1835-1917",1835
341,"Young, J. W. A. (Jacob William Albert), 1865-; Jackson, Lambert L. (Lambert Lincoln), 1870-1952",1870
342,"Hodgson, William, b. 1804",1804
343,"Carleton, Mark Alfred, 1866-1925",1866
344,"Sale, George, 1697?-1736; Wherry, E. M. (Elwood Morris), 1843-1927",1843
345,"Greene, Thomas Lyman, 1851-1904",1851
346,"Blow, Susan E. (Susan Elizabeth), 1843-1916",1843
347,"Kohler, Kaufmann, 1843-1926",1843
348,"Taylor, C. (Charles), 1756-1823",1756
349,"Johnson, Henry, 1867-",1867
350,"Azarias, Brother, 1847-1893",1847
351,"Cary, Otis, 1851-1932",1851
352,"Belloc, Hilaire, 1870-1953; B. T. B. (Basil Temple Blackwood), 1870-1917",1870
353,"Ashley, Roscoe Lewis, 1872-1965",1872
354,"Reumont, Alfred von, 1808-1887",1808
355,"Wright, G. Frederick (George Frederick), 1838-1921; Upham, Warren, 1850-1934",1850
356,"Hawkins, N. (Nehemiah), 1833-1928",1833
357,"Colvin, Stephen S. (Stephen Sheldon), 1869-1923",1869
358,"Thudichum, J. L. W. (John Louis William), 1829-1901",1829
359,"O'Keeffe, John, 1747-1833",1747
360,"Lee, E. Markham (Ernest Markham), 1874-1956",1874
361,"Westlake, Herbert Francis, 1879-1925",1879
362,"M'Collester, Sullivan Holman, b. 1826",1826
363,"Hall, William Whitty, 1810-1876",1810
364,"Power, Sir D'Arcy, 1855-; Murphy, James Keogh, 1869-",1869
365,"Burke, Fielding, 1869-1968",1869
366,"Gaston, Hugh, d. 1766",1766
367,"Brame, Charlotte M., 1836-1884",1836
368,"Sherwood, Mary Martha, 1775-1851",1775
369,"Burke, John, 1787-1848",1787
370,"Doyle, Lynn, 1873-1961",1873
371,"Lange, Johann Peter, 1802-1884",1802
372,"Coulter, John G. (John Gaylord), b. 1876",1876
373,"Ogilvie, John, 1733-1813",1733
374,"Freud, Sigmund, 1856-1939; Brill, A. A. (Abraham Arden), 1874-1948",1874
375,"Tudor, William, 1779-1830",1779
376,"Buick, Thomas Lindsay, 1866-1938",1866
377,"Mercer, Henry Chapman, 1856-1930",1856
378,"Clark, Frederick Thickstun, b. 1858",1858
379,"Cook, O. F. (Orator Fuller), 1867-1949",1867
380,"Gounod, Charles, 1818-1893",1818
381,"Peyton, J. Lewis (John Lewis), 1824-1896",1824
382,"Penniman, Josiah Harmar, 1868-1941",1868
383,"Guinness, H. Grattan (Henry Grattan), 1835-1910",1835
384,"Bartlett, George Bradford, 1832-1896",1832
385,"Bourne, George, 1780-1845",1780
386,"Cole, S. W. (Samuel W.), 1796-1851",1796
387,"United States. War Dept; Taft, William H. (William Howard), 1857-1930",1857
388,"Church of England. Diocese of Gibraltar. Bishop (1874-1903 : Sandford); Sandford, C. W. (Charles Waldegrave), 1828-1903",1828
389,"Poulsson, Emilie, 1853-1939",1853
390,"May, Caroline, b. ca. 1820",1820
391,"Sewall, Frank, 1837-1915",1837
392,"Cruden, Alexander, 1701-1770",1701
393,"Violette, E. M. (Eugene Morrow), 1873-1940",1873
394,"Carpenter, Edward Childs, 1872-1950",1872
395,"Rice, B. Lewis (Benjamin Lewis), 1837-1927",1837
396,"Beever, William Holt, 1827-1887",1827
397,"Moss, Lemuel, 1829-1904",1829
398,"Dostoyevsky, Fyodor, 1821-1881; Garnett, Constance Black, 1862-1946",1862
399,"Honeyman, A. Van Doren (Abraham Van Doren), 1849-1936",1849
400,"D'Alton, Edward Alfred, 1860-",1860
401,"Miller, Hugh, 1802-1856; Symonds, W. S. (William Samuel), 1818-1887",1818
402,"Porter, Charlotte Endymion, 1859-1942; Clarke, Helen Archibald, d. 1926",1926
403,"Goss, Elbridge Henry, 1830-1908",1830
404,"Hecker, Eugene A. (Eugene Arthur), b. 1884",1884
405,"St.-Johnston, Reginald, Sir, 1881-1950",1881
406,"Bede, the Venerable, Saint, 673-735; Giles, J. A. (John Allen), 1808-1884",1808
407,"Soldan, Frank Louis, 1842-1908",1842
408,"Pittman, Marvin Summers, 1882-",1882
409,"Flowers, Montaville, 1868-1934",1868
410,"Forman, H. Buxton (Harry Buxton), 1842-1917",1842
411,"Nave, Orville J. (Orville James), 1841-1917",1841
412,"Poole, George Ayliffe, 1809-1883",1809
413,"Roberts, Helen Lefferts, 1875-",1875
414,"Taylor, Rachel Annand, 1876-",1876
415,"Greely, Adolphus Washington, 1844-1935",1844
416,"Dunton, Larkin, 1828-1899",1828
417,"Spencer, J. W. (Joseph William), 1851-1921",1851
418,"Stealey, Orlando Oscar, 1842-1928",1842
419,"Noble, Annette Lucile, 1844-1932",1844
420,"Marshall, Thomas Maitland, 1876-1936",1876
421,"Flanders, Ralph E. (Ralph Edward), 1880-1970",1880
422,"Theobald, R. M. (Robert Masters), 1829-1914",1829
423,"Harkavy, Alexander, 1863-1939",1863
424,"Collins, F. Howard (Frederick Howard), 1857-1910",1857
425,"Gustafson, Axel, b. 1849",1849
426,"Paige, James, b. 1863",1863
427,"Webster, Daniel, 1782-1852; Whipple, Edwin Percy, 1819-1886",1819
428,"Lucas, Herbert, 1852-1933",1852
429,"Burns, John, 1774-1850",1774
430,"Rossini, Gioacchino, 1792-1868",1792
431,"Thomson, Joseph, 1858-1895",1858
432,"Stone, John C. (John Charles), 1867-1940; Millis, James F. (James Franklin), 1875-",1875
433,"Byles, Sir John Barnard, 1801-1884",1801
434,"Parlette, Ralph Albert, 1870-1930",1870
435,"Marten, William Samuel, 1877-",1877
436,"Sergeant, Lewis, d. 1902",1902
437,"Pilcher, James Evelyn, 1857-1911",1857
438,"Grew, Edwin Sharpe, b. 1867",1867
439,"Cooper, Courtney Ryley, 1886-1940",1886
440,"Turner, H. E. (Henry Edward), 1816-1897",1816
441,"Lagerlöf, Selma, 1858-1940; Howard, Velma Swanston, b. 1868",1868
442,"Parks, Leighton, 1852-1938",1852
443,"Goethe, Johann Wolfgang von, 1749-1832; Carlyle, Thomas, 1795-1881",1795
444,"Ward, James, 1851-1927",1851
445,"Hodgson, Christopher, 1784-1874",1784
446,"Taylor, Charles Carlisle, 1863-",1863
447,"Findlay, George Gillanders, 1848-1919",1848
448,"Welburn, Drummond, b. 1818",1818
449,"Walker, Alexander, 1819-1893",1819
450,"Gregory, John Milton, 1822-1898",1822
451,"Jelliffe, Smith Ely, 1866-1945",1866
452,"Blackwell, Alice Stone, 1857-1950",1857
453,"Hinton, Edward Wilcox, 1868-1936",1868
454,"McCarthy, Denis Aloysius, 1871-1931",1871
455,"Dana, Richard Henry, 1851-1931",1851
456,"Walworth, Jeannette H., 1837-1918",1837
457,"Atwater, Caleb, 1778-1867",1778
458,"Phelps, Edith May, b. 1881",1881
459,"Rogers, John Rankin, 1838-1901",1838
460,"Petavel, James William, 1870-",1870
461,"Robinson, Ernest Franklin, 1882-",1882
462,"Pinches, Theophilus G. (Theophilus Goldridge), 1856-1934",1856
463,"Orwin, C. S. (Charles Stewart), 1876-1955",1876
464,"Hall, Edwin Herbert, 1855-",1855
465,"Blichfeldt, Emil Harry, 1874-",1874
466,"Richards, Joseph William, 1864-",1864
467,"Davis, Reuben, 1813-1890",1813
468,"Link, Samuel Albert, b. 1848",1848
469,"Field, Eugene, 1850-1895; Field, Roswell Martin, 1851-1919",1851
470,"Smith, Henry Boynton, 1815-1877",1815
471,"Hudson, Jay William, b. 1874",1874
472,"Hibbert, Samuel, 1782-1848",1782
473,"Cooley, Thomas McIntyre, 1824-1898; Clarke, Thomas Curtis, 1827-1901",1827
474,"Stephenson, Gilbert Thomas, 1884-1972",1884
475,"Powell, Ernest, b. 1876",1876
476,"Richards, John Morgan, 1841-1918",1841
477,"Hodgson, F. (Francis), 1805-1877",1805
478,"Thacher, John Boyd, 1847-1909",1847
479,"Barry, J. G. H. (Joseph Gayle Hurd), 1858-1931",1858
480,"Outram, James, Sir, 1803-1863",1803
481,"Maceroni, Francis, 1788-1846",1788
482,"Wagner, Madge Morris, 1862-1924",1862
483,"Johnson, Willis E. (Willis Ernest), 1869-1951",1869
484,"Farwell, Parris Thaxter, 1856-",1856
485,"Giles, Peter, 1860-1935",1860
486,"Setoun, Gabriel, 1861-1930",1861
487,"Tolstoy, Leo, graf, 1828-1910; Hapgood, Isabel Florence, 1850-1928",1850
488,"Walsh, Correa Moylan, b. 1862",1862
489,"Horton, Alice; Bell, Edward, 1844-1926; Carlyle, Thomas, 1795-1881",1795
490,"Phillips, J. Arthur (John Arthur), 1822-1887",1822
491,"Santee, Harris Ellett, 1864-",1864
492,"Baker, William M. (William Mumford), 1825-1883",1825
493,"Ford, John, 1586-ca. 1640",1640
494,"Flaccus, Horatius, 1816-1885",1816
495,"Kane, Robert Joseph, 1848-1929",1848
496,"Ockley, Simon, 1678-1720",1678
497,"MacLaren, J. J. (John James), 1842-1926",1842
498,"Fischer, Martin Henry, 1879-",1879
499,"Rathbone, William, 1819-1902",1819
500,"Dulac, Edmund, 1882-1953",1882
501,"Cheetham, Samuel, 1827-1908",1827
502,"Gay, Mary Ann Harris, b. 1827",1827
503,"Elliott, William F. (William Frederick), b. 1859",1859
504,"Cooper, T. T. (Thomas Thornville), 1839-1878",1839
505,"Ford, Mary Hanford Finney, 1856-",1856
506,"Low, Albert Howard, 1855-1936",1855
507,"Stone, James Samuel, 1852-1928",1852
508,"Frothingham, Thomas Goddard, 1865-1937",1865
509,"Prout, William, 1785-1850",1785
510,"Young, Bennett Henderson, 1843-1919",1843
511,"Anthony, Gardner C. (Gardner Chace), 1856-",1856
512,"Fairchild, James Harris, 1817-1902",1817
513,"Rose, Augustus F. (Augustus Foster), 1873-1946",1873
514,"Peck, George Clarke, 1865-1927",1865
515,"Woodman, H. Rea (Hannah Rea), b. 1870",1870
516,"Sismondi, J.-C.-L. Simonde de (Jean-Charles-Léonard Simonde), 1773-1842",1773
517,"Davis, Edward Parker, 1856-",1856
518,"Fitchett, William Henry, 1845-1928",1845
519,"Mitchell, S. Weir (Silas Weir), 1829-1914; Pyle, Howard, 1853-1911",1853
520,"Hamlin, Cyrus, 1811-1900",1811
521,"Lafargue, Paul, 1842-1911",1842
522,"Howell, James, 1594?-1666; Jacobs, Joseph, 1854-1916",1854
523,"Jones, Stephen, 1763-1827",1763
524,"Waring, Luther Hess, 1865-1941",1865
525,"Hamilton, A. (Angus), 1874-1913",1874
526,"Shaftesbury, Anthony Ashley Cooper, Earl of, 1671-1713",1671
527,"Smollett, Tobias George, 1721-1771; Anderson, Robert, 1750-1830",1750
528,"Lamington, Alexander Dundas Ross Wishart Cochrane-Baillie, Baron, 1816-1890",1816
529,"Morris, John Emery, 1843-",1843
530,"Woodward, George Abishai, 1835-1916",1835
531,"Little, Archibald John, 1838-1908",1838
532,"California Follow-up Conference to Second National Conference on Cardiovascular Diseases, San Francisco, 1965; National Conference on Cardiovascular Diseases. 2d, Washington, D.C., 1964; California Heart Association; Stamler, Jeremiah, 1919- Can heart attacks be prevented? 1966",1966
533,"Walker, Albert Perry, 1862-1911",1862
534,"Lister, T. H. (Thomas Henry), 1800-1842",1800
535,"Bradley, Alice, 1875-1946",1875
536,"Leighton, William Allport, 1805-1889",1805
537,"Smellie, Alexander, 1857-1923",1857
538,"Casper, Johann Ludwig, 1796-1864; Balfour, George William, 1823-1903",1823
539,"Thompson, Henry Lewis, 1840-",1840
540,"Canfield, James Hulme, 1847-1909",1847
541,"Haferkorn, Henry Ernest, 1859-1933",1859
542,"Spalding, Volney Morgan, 1849-1918",1849
543,"Roberts, Alexander, 1826-1901; Donaldson, James, Sir, 1831-1915; Coxe, A. Cleveland (Arthur Cleveland), 1818-1896; Menzies, Allan, 1845-1916; Richardson, Ernest Cushing, 1860-1939; Pick, Bernhard, 1842-1917",1842
544,"Challis, Henry W. (Henry William), b. 1841",1841
545,"Clarke, William Horatio, 1840-1913",1840
546,"Conley, Emma, 1869-",1869
547,"Ullmann, Carl, 1796-1865",1796
548,"Mills, Henry, 1786-1867",1786
549,"Coulter, John Merle, 1851-1928; Nelson, Aven, 1859-1952",1859
550,"Board of Agriculture (Great Britain); Vancouver, Charles, fl. 1785-1813",1785
551,"Walker, George Leon, 1830-1900",1830
552,"Dupuytren, Guillaume, 1777-1835; Clark, F. Le Gros (Frederick Le Gros), 1811-1892",1811
553,"Hood, Thomas, 1799-1845; Shepherd, Richard Herne, 1842-1895",1842
554,"Brown, Charles Reynolds, 1862-",1862
555,"Thomson, John, 1871-",1871
556,"Davis, Noah K. (Noah Knowles), 1830-1910",1830
557,"Hunter, John, 1849-1917",1849
558,"Dreaper, W. P. (William Porter), 1868-1938",1868
559,"United States. 51st Cong., 2d sess., 1890-1891",1890
560,"Simcox, William Henry, 1843-1889",1843
561,"Frenssen, Gustav, 1863-1945",1863
562,"Smith, Joseph Shuter, 1893-",1893
563,"Fiske, Stephen, 1840-1916",1840
564,"Atkinson, Geoffroy, 1892-1960",1892
565,"Dougall, Lily, 1858-1923",1858
566,"Gourlay, Robert, 1778-1863; Bidwell, Barnabas, 1763-1833",1763
567,"Poynting, J. H. (John Henry), 1852-1914",1852
568,"Marsten, Francis Edward, 1851-1915",1851
569,"Ellingwood, Finley, 1852-1920",1852
570,"Finot, Jean, 1858-1922",1858
571,"Ingoldsby, Thomas, 1788-1845; Barham, R. H. Dalton (Richard Harris Dalton), 1815-1886",1815
572,"Coffey, Peter, 1876-",1876
573,"Hardee, William Joseph, 1815-1873",1815
574,"Bowen, William, 1877-1937",1877
575,"Taubenhaus, Jacob Joseph, 1884-1937",1884
576,"Hitchcock, Charles H. (Charles Henry), 1836-1919",1836
577,"Lofton, George A. (George Augustus), 1839-1914",1839
578,"Jewett, Charles, 1807-1879",1807
579,"Cru, R. Loyalty (Robert Loyalty), b. 1884",1884
580,"Gambier-Parry, Ernest, 1853-",1853
581,"Cobb, Thomas Read Rootes, 1823-1862",1823
582,"Delano, Edith Barnard, 1874-1946",1874
583,"Golder, Frank Alfred, 1877-1929",1877
584,"Northrup, Edwin F. (Edwin Fitch), b. 1866",1866
585,"Miles, Louis Wardlaw, 1873-",1873
586,"Moore, John William, Sir, 1845-1937",1845
587,"Wordsworth, William, 1770-1850; George, Andrew Jackson, 1855-1907",1855
588,"Albemarle, William Coutts Keppel, Earl of, 1832-1894",1832
589,"Powys, Theodore Francis, 1875-1953",1875
590,"Tupper, H. Allen (Henry Allen), b. 1856",1856
591,"Coke, Desmond, 1879-1931",1879
592,"Kettlewell, Samuel, 1822-1893",1822
593,"Mayo, Margaret, 1882-1951",1882
594,"Field, Maria Antonia, b. 1885",1885
595,"Irving, Washington, 1783-1859; Caldecott, Randolph, 1846-1886",1846
596,"Smith, Charles John, 1818-1872",1818
597,"Ricketts, Howard Taylor, 1871-1910",1871
598,"Livermore, Harriet, 1788-1868",1788
599,"Cecil, Edward, Lord, 1867-1918",1867
600,"Francis, James Bicheno, 1815-1892",1815
601,"Ford, Walter Burton, 1874-; Ammerman, Charles, 1870-",1870
602,"Brannt, William T. (William Theodore), 1844-",1844
603,"Hoppus, John, 1789-1875",1789
